"Customer Name","Mobile Number","Device Brand","Model Purchased","Purchase Date","Purchase Amount (INR)","Language","City","WhatsApp Consent","Consent Date","Consent Source"
"Anirban Mukherjee","9830123456","Samsung","Galaxy M31 128GB","2023-04-12","16499","Bengali","Kolkata","YES","2023-04-12","IN_STORE"
"Debolina Roy","09830234567","Samsung","Galaxy A52s 5G","2023-02-18","29999","Bengali","Howrah","YES","2023-02-18","IN_STORE"
"Subrata Ghosh","+91 9830345678","Samsung","Galaxy S20 FE","2022-11-05","34999","Bengali","Salt Lake","YES","2022-11-05","IN_STORE"
"Pooja Sharma","9830456789","Apple","iPhone 13 128GB","2023-01-20","61999","English","Kolkata","YES","2023-01-20","WEBSITE_FORM"
"Rahul Banerjee","9830567890","Samsung","Galaxy M32","2023-05-14","14999","Bengali","Barasat","YES","2023-05-14","IN_STORE"
"Sourav Chatterjee","09830678901","Xiaomi","Redmi Note 11 Pro","2023-03-22","17999","Bengali","Kolkata","YES","2023-03-22","IN_STORE"
"Moumita Sen","+919830789012","Samsung","Galaxy A32","2022-09-10","18500","Bengali","Dum Dum","YES","2022-09-10","IN_STORE"
"Arindam Dutta","9830890123","OnePlus","Nord CE 2 5G","2023-06-01","23999","English","Kolkata","NO","",""
"Suman Saha","9830123456","Samsung","Galaxy M31 128GB","2023-04-12","16499","Bengali","Kolkata","YES","2023-04-12","IN_STORE"
"Pritam Paul","9830901234","Samsung","Galaxy F62","2022-08-15","19999","Bengali","Budge Budge","YES","2022-08-15","IN_STORE"
"Kakali Das","9830912345","LG","Smart LED TV 43-inch","2023-07-10","32990","Bengali","Kolkata","YES","2023-07-10","IN_STORE"
"Bikash Mondal","09830923456","Samsung","Galaxy M52 5G","2022-12-01","24999","Bengali","Howrah","YES","2022-12-01","IN_STORE"
"Shreya Mukherjee","9830934567","Voltas","1.5 Ton Inverter AC","2023-05-02","38990","Bengali","Kolkata","YES","2023-05-02","IN_STORE"
"Tapas Bhowmick","12345","Samsung","Galaxy M12","2023-04-05","10499","Bengali","Kolkata","YES","2023-04-05","IN_STORE"
"Rajesh Kumar Gupta","9830945678","Samsung","Galaxy A51","2022-06-20","21999","Hindi","Burrabazar","YES","2022-06-20","IN_STORE"
"Tanmay Biswas","9830956789","Samsung","Galaxy Note 10 Lite","2022-05-18","28000","Bengali","Kolkata","YES","2022-05-18","IN_STORE"
"Amit Chakraborty","","Samsung","Galaxy S21","2022-07-11","52000","Bengali","Kolkata","YES","2022-07-11","IN_STORE"
"Snigdha Bhattacharya","+91 9830967890","Samsung","Galaxy M31","2023-03-30","16499","Bengali","Ballygunge","NO","",""
"Dipankar Nandi","9830978901","Samsung","Galaxy A22 5G","2022-10-25","18999","Bengali","Garia","YES","2022-10-25","IN_STORE"
"Sayantani Mitra","09830989012","Samsung","Galaxy M21","2022-07-04","13999","Bengali","Jadavpur","YES","2022-07-04","IN_STORE"
